<archive xmlns="http://rs.tdwg.org/dwc/text/" 
         xmlns:xsi="http://www.w3.org/2001/XMLSchema-instance" 
         xsi:schemaLocation="http://rs.tdwg.org/dwc/text/   http://rs.tdwg.org/dwc/text/tdwg_dwc_text.xsd">

  <core encoding="UTF-8" fieldsTerminatedBy="\t" linesTerminatedBy="\n" fieldsEnclosedBy='' ignoreHeaderLines="1" rowType="http://rs.tdwg.org/dwc/terms/Taxon">
    <files>
      <location>europ_taxa.txt</location>
    </files>
    <field index="0" term="http://rs.tdwg.org/dwc/terms/taxonID"/>
    <field index="1" term="http://rs.tdwg.org/dwc/terms/scientificName"/>
  </core>

  <extension encoding="UTF-8" fieldsTerminatedBy="\t" linesTerminatedBy="\n" fieldsEnclosedBy='' ignoreHeaderLines="1" rowType="http://eol.org/schema/media/Document">
    <files>
      <location>europ_media.txt</location>
    </files>
    <field index="0" term="http://purl.org/dc/terms/identifier"/>
    <field index="1" term="http://rs.tdwg.org/dwc/terms/taxonID"/>
    <field index="2" term="http://purl.org/dc/terms/type"/>
    <field index="3" term="http://purl.org/dc/terms/format"/>
    <field index="4" term="http://rs.tdwg.org/ac/terms/accessURI"/>
    <field index="5" term="http://ns.adobe.com/xap/1.0/rights/UsageTerms"/>
    <field index="6" term="http://purl.org/dc/terms/publisher"/>
    <field index="7" term="http://purl.org/dc/terms/contributor"/>
    <field index="8" term="http://purl.org/dc/terms/creator"/>
    <field index="9" term="http://rs.tdwg.org/ac/terms/furtherInformationURL"/>
    <field index="10" term="http://purl.org/dc/terms/description"/>
    <field index="11" term="http://ns.adobe.com/xap/1.0/rights/Owner"/>
  </extension>
</archive>