<?xml version="1.0"?>
<archive xmlns="http://rs.tdwg.org/dwc/text/" xmlns:xsi="http://www.w3.org/2001/XMLSchema-instance" xsi:schemaLocation="http://rs.tdwg.org/dwc/text/  http://rs.tdwg.org/dwc/text/tdwg_dwc_text.xsd">
  <core encoding="UTF-8" fieldsTerminatedBy="\t" linesTerminatedBy="\n" ignoreHeaderLines="1" rowType="http://rs.tdwg.org/dwc/terms/Taxon">
    <files><location>wikip_taxa.txt</location></files>
    <id index="0" />
    <field index="0" term="http://rs.tdwg.org/dwc/terms/taxonID"/>
    <field index="1" term="http://rs.tdwg.org/dwc/terms/scientificName"/>
    <field index="2" term="http://rs.tdwg.org/dwc/terms/parentNameUsageID"/>
    <field index="3" term="http://rs.tdwg.org/dwc/terms/taxonomicStatus"/>
    <field index="4" term="http://rs.tdwg.org/dwc/terms/taxonRemarks"/>
    <field index="5" term="http://eol.org/schema/reference/referenceID"/>
  </core>
  <extension encoding="UTF-8" fieldsTerminatedBy="\t" linesTerminatedBy="\n" ignoreHeaderLines="1" rowType="http://eol.org/schema/media/Document">
    <files><location>wikip_media.txt</location></files>
    <coreid index="1"/>
    <field index="0" term="http://purl.org/dc/terms/identifier"/>
    <field index="1" term="http://rs.tdwg.org/dwc/terms/taxonID"/>
    <field index="2" term="http://purl.org/dc/terms/language"/>
    <field index="3" term="http://purl.org/dc/terms/type"/>
    <field index="4" term="http://purl.org/dc/terms/format"/>
    <field index="5" term="http://ns.adobe.com/xap/1.0/rights/UsageTerms"/>
    <field index="6" term="http://purl.org/dc/terms/publisher"/>
    <field index="7" term="http://iptc.org/std/Iptc4xmpExt/1.0/xmlns/CVterm"/>
    <field index="8" term="http://purl.org/dc/terms/description"/>
    <field index="9" term="http://ns.adobe.com/xap/1.0/CreateDate"/>
    <field index="10" term="http://purl.org/dc/terms/creator"/>
    <field index="11" term="http://rs.tdwg.org/ac/terms/furtherInformationURL"/>
    <field index="12" term="http://rs.tdwg.org/ac/terms/accessURI"/>
  </extension>
  <extension encoding="UTF-8" fieldsTerminatedBy="\t" linesTerminatedBy="\n" ignoreHeaderLines="1" rowType="http://rs.gbif.org/terms/1.0/VernacularName">
    <files><location>wikip_vernacular.txt</location></files>
    <coreid index="0"/>
    <field index="0" term="http://rs.tdwg.org/dwc/terms/taxonID"/>
    <field index="1" term="http://rs.tdwg.org/dwc/terms/vernacularName"/>
    <field index="2" term="http://purl.org/dc/terms/source"/>
    <field index="3" term="http://purl.org/dc/terms/language"/>
    <field index="4" term="http://rs.tdwg.org/dwc/terms/countryCode"/>
  </extension>
  <extension encoding="UTF-8" fieldsTerminatedBy="\t" linesTerminatedBy="\n" ignoreHeaderLines="1" rowType="http://eol.org/schema/reference/Reference">
    <files><location>wikip_references.txt</location></files>
    <coreid/>
    <field index="0" term="http://purl.org/dc/terms/identifier"/>
    <field index="1" term="http://eol.org/schema/reference/full_reference"/>
  </extension>
</archive>